{"index":1,"nstates":6,"ninputs":3,"Q":[1.0,1.0,1.0,1.0,1.0,1.0],"R":[0.01,0.01,0.01],"q":[-2.0,-1.2,-0.4,0.4,1.2,2.0],"r":[-1.0,0.0,1.0],"c":1.0,"A":[[1.0,0.0,0.0,0.0,0.0,0.0],[0.0,1.0,0.0,0.0,0.0,0.0],[0.0,0.0,1.0,0.0,0.0,0.0],[0.1,0.0,0.0,1.0,0.0,0.0],[0.0,0.1,0.0,0.0,1.0,0.0],[0.0,0.0,0.1,0.0,0.0,1.0]],"B":[[0.005000000000000001,0.0,0.0,0.1,0.0,0.0],[0.0,0.005000000000000001,0.0,0.0,0.1,0.0],[0.0,0.0,0.005000000000000001,0.0,0.0,0.1]],"d":[1.5,1.5,1.5,1.5,1.5,1.5]}