{
  "nhorizon": 8,
  "x0": [
    1.0,
    -1.0,
    2.0,
    -2.0,
    3.0,
    -3.0
  ],
  "lqrdata": [
    {
      "index": 1,
      "nstates": 6,
      "ninputs": 3,
      "Q": [
        1.0,
        1.0,
        1.0,
        1.0,
        1.0,
        1.0
      ],
      "R": [
        0.01,
        0.01,
        0.01
      ],
      "q": [
        -2.0,
        -1.2,
        -0.4,
        0.4,
        1.2,
        2.0
      ],
      "r": [
        -1.0,
        0.0,
        1.0
      ],
      "c": 1.0,
      "A": [
        [
          1.0,
          0.0,
          0.0,
          0.0,
          0.0,
          0.0
        ],
        [
          0.0,
          1.0,
          0.0,
          0.0,
          0.0,
          0.0
        ],
        [
          0.0,
          0.0,
          1.0,
          0.0,
          0.0,
          0.0
        ],
        [
          0.1,
          0.0,
          0.0,
          1.0,
          0.0,
          0.0
        ],
        [
          0.0,
          0.1,
          0.0,
          0.0,
          1.0,
          0.0
        ],
        [
          0.0,
          0.0,
          0.1,
          0.0,
          0.0,
          1.0
        ]
      ],
      "B": [
        [
          0.005000000000000001,
          0.0,
          0.0,
          0.1,
          0.0,
          0.0
        ],
        [
          0.0,
          0.005000000000000001,
          0.0,
          0.0,
          0.1,
          0.0
        ],
        [
          0.0,
          0.0,
          0.005000000000000001,
          0.0,
          0.0,
          0.1
        ]
      ],
      "d": [
        1.5,
        1.5,
        1.5,
        1.5,
        1.5,
        1.5
      ]
    },
    {
      "index": 2,
      "nstates": 6,
      "ninputs": 3,
      "Q": [
        1.0,
        1.0,
        1.0,
        1.0,
        1.0,
        1.0
      ],
      "R": [
        0.01,
        0.01,
        0.01
      ],
      "q": [
        -4.0,
        -2.4,
        -0.8,
        0.8,
        2.4,
        4.0
      ],
      "r": [
        -2.0,
        0.0,
        2.0
      ],
      "c": 1.0,
      "A": [
        [
          1.0,
          0.0,
          0.0,
          0.0,
          0.0,
          0.0
        ],
        [
          0.0,
          1.0,
          0.0,
          0.0,
          0.0,
          0.0
        ],
        [
          0.0,
          0.0,
          1.0,
          0.0,
          0.0,
          0.0
        ],
        [
          0.1,
          0.0,
          0.0,
          1.0,
          0.0,
          0.0
        ],
        [
          0.0,
          0.1,
          0.0,
          0.0,
          1.0,
          0.0
        ],
        [
          0.0,
          0.0,
          0.1,
          0.0,
          0.0,
          1.0
        ]
      ],
      "B": [
        [
          0.005000000000000001,
          0.0,
          0.0,
          0.1,
          0.0,
          0.0
        ],
        [
          0.0,
          0.005000000000000001,
          0.0,
          0.0,
          0.1,
          0.0
        ],
        [
          0.0,
          0.0,
          0.005000000000000001,
          0.0,
          0.0,
          0.1
        ]
      ],
      "d": [
        3.0,
        3.0,
        3.0,
        3.0,
        3.0,
        3.0
      ]
    },
    {
      "index": 3,
      "nstates": 6,
      "ninputs": 3,
      "Q": [
        1.0,
        1.0,
        1.0,
        1.0,
        1.0,
        1.0
      ],
      "R": [
        0.01,
        0.01,
        0.01
      ],
      "q": [
        -6.0,
        -3.5999999999999996,
        -1.2000000000000002,
        1.2000000000000002,
        3.5999999999999996,
        6.0
      ],
      "r": [
        -3.0,
        0.0,
        3.0
      ],
      "c": 1.0,
      "A": [
        [
          1.0,
          0.0,
          0.0,
          0.0,
          0.0,
          0.0
        ],
        [
          0.0,
          1.0,
          0.0,
          0.0,
          0.0,
          0.0
        ],
        [
          0.0,
          0.0,
          1.0,
          0.0,
          0.0,
          0.0
        ],
        [
          0.1,
          0.0,
          0.0,
          1.0,
          0.0,
          0.0
        ],
        [
          0.0,
          0.1,
          0.0,
          0.0,
          1.0,
          0.0
        ],
        [
          0.0,
          0.0,
          0.1,
          0.0,
          0.0,
          1.0
        ]
      ],
      "B": [
        [
          0.005000000000000001,
          0.0,
          0.0,
          0.1,
          0.0,
          0.0
        ],
        [
          0.0,
          0.005000000000000001,
          0.0,
          0.0,
          0.1,
          0.0
        ],
        [
          0.0,
          0.0,
          0.005000000000000001,
          0.0,
          0.0,
          0.1
        ]
      ],
      "d": [
        4.5,
        4.5,
        4.5,
        4.5,
        4.5,
        4.5
      ]
    },
    {
      "index": 4,
      "nstates": 6,
      "ninputs": 3,
      "Q": [
        1.0,
        1.0,
        1.0,
        1.0,
        1.0,
        1.0
      ],
      "R": [
        0.01,
        0.01,
        0.01
      ],
      "q": [
        -8.0,
        -4.8,
        -1.6,
        1.6,
        4.8,
        8.0
      ],
      "r": [
        -4.0,
        0.0,
        4.0
      ],
      "c": 1.0,
      "A": [
        [
          1.0,
          0.0,
          0.0,
          0.0,
          0.0,
          0.0
        ],
        [
          0.0,
          1.0,
          0.0,
          0.0,
          0.0,
          0.0
        ],
        [
          0.0,
          0.0,
          1.0,
          0.0,
          0.0,
          0.0
        ],
        [
          0.1,
          0.0,
          0.0,
          1.0,
          0.0,
          0.0
        ],
        [
          0.0,
          0.1,
          0.0,
          0.0,
          1.0,
          0.0
        ],
        [
          0.0,
          0.0,
          0.1,
          0.0,
          0.0,
          1.0
        ]
      ],
      "B": [
        [
          0.005000000000000001,
          0.0,
          0.0,
          0.1,
          0.0,
          0.0
        ],
        [
          0.0,
          0.005000000000000001,
          0.0,
          0.0,
          0.1,
          0.0
        ],
        [
          0.0,
          0.0,
          0.005000000000000001,
          0.0,
          0.0,
          0.1
        ]
      ],
      "d": [
        6.0,
        6.0,
        6.0,
        6.0,
        6.0,
        6.0
      ]
    },
    {
      "index": 5,
      "nstates": 6,
      "ninputs": 3,
      "Q": [
        1.0,
        1.0,
        1.0,
        1.0,
        1.0,
        1.0
      ],
      "R": [
        0.01,
        0.01,
        0.01
      ],
      "q": [
        -10.0,
        -6.0,
        -2.0,
        2.0,
        6.0,
        10.0
      ],
      "r": [
        -5.0,
        0.0,
        5.0
      ],
      "c": 1.0,
      "A": [
        [
          1.0,
          0.0,
          0.0,
          0.0,
          0.0,
          0.0
        ],
        [
          0.0,
          1.0,
          0.0,
          0.0,
          0.0,
          0.0
        ],
        [
          0.0,
          0.0,
          1.0,
          0.0,
          0.0,
          0.0
        ],
        [
          0.1,
          0.0,
          0.0,
          1.0,
          0.0,
          0.0
        ],
        [
          0.0,
          0.1,
          0.0,
          0.0,
          1.0,
          0.0
        ],
        [
          0.0,
          0.0,
          0.1,
          0.0,
          0.0,
          1.0
        ]
      ],